addr:city,addr:housenumber,addr:postcode,addr:street,description,geometry,latitude,location_id,longitude,name,opening_hours,tags,website,zone,rating
New York,616,10009,East 9th Street,Immerse yourself in the captivating world of art as you explore marvellous the pieces that this gallery has to offer,POINT (-73.9795215 40.7258135),40.7258135,4,-73.9795215,Theresa Byrnes Gallery,Tu 13:30-17:00; Th 14:00-18:00; Fr 14:00-19:00; Sa 13:00-19:00; Su 14:00-17:00,gallery,http://www.theresabyrnes.com/,Alphabet City,4.5
New York,155,10009,Avenue C,Take a trip to the past as you travel by visiting this museum as you observing the rich history provided,POINT (-73.9778791 40.7257313),40.7257313,4,-73.9778791,Museum of Reclaimed Urban Space,"Tu,Th-Su 11:00-19:00",museum,https://morusnyc.org/,Alphabet City,4.5
New York,,10004,Battery Park,Searching for tranquility within the concrete jungle that is Manhattan? Look no further! This park provides a scenic sancturary away from the busy streets of New York City. Settle in and connect with Monther Nature,POINT(-74.01537862233573 40.703583270284206),40.70358327,12,-74.01537862,The Battery ,Mo-Su 6:00-00:00,park,https://www.thebattery.org/,Battery Park,4.5
New York,39,10280,Battery Place,Take a trip to the past as you travel by visiting this museum as you observing the rich history provided,POINT (-74.0177051 40.7057229),40.7057229,13,-74.0177051,Skyscraper Museum,Th-Sa 12:00-18:00,museum,https://skyscraper.org/,Battery Park City,4.5
New York,,10025,"West 100th Street, Riverside Dr","Whether its the Empire State Building or The Color Factory, Manhattan is not short of fun and interesting places to explore!",POINT (-73.97328385643567 40.79875781090438),40.79875781,151,-73.97328386,Firemen's Memorial,Mo-Su 24 hours,attraction,https://www.nycgovparks.org/parks/riverside-park/monuments/482,Manhattan Valley,4.5
New York,319,10025,West 107th Street,Take a trip to the past as you travel by visiting this museum as you observing the rich history provided,POINT (-73.96896876849017 40.803080270673874),40.80308027,24,-73.96896877,Nicholas Roerich Museum,Tu-Fr 12:00-16:00 Sa-Su; 12:00-17:00,museum,https://www.roerich.org/,Bloomingdale,4.5
New York,253,10027,W 125th Street,"This theatre offers a vast range of creative and captivating performances,from timeless plays to contemporary musicals. A show at this theatre will be nothing short of spectacular!",POINT (-73.95003454557084 40.81007481450336),40.81007481,41,-73.95003455,Apollo Theater,"Depends on show time, see website",theatre,https://www.apollotheater.org/,Central Harlem,4.5
New York,466,10031,W 152nd Street,"This theatre offers a vast range of creative and captivating performances,from timeless plays to contemporary musicals. A show at this theatre will be nothing short of spectacular!",POINT (-73.94366653022809 40.82939533227008),40.82939533,116,-73.94366653,"Dance Theatre of Harlem
","Th-Fr 09:30-19:00, Su 9:30-5:30, Mo 9:30-19:00",theatre,https://www.dancetheatreofharlem.org/,Hamilton Heights,4.5
New York,898,10032,St Nicholas Avenue,Take a trip to the past as you travel by visiting this museum as you observing the rich history provided,POINT (-73.94120073207611 40.83060499427437),40.83060499,116,-73.94120073,Sugar Hill Children's Museum of Art & Storytelling,"Th 17:30-20:00, Sa-Sun 10:00-15:00",museum,http://www.sugarhillmuseum.org/,Hamilton Heights,4.5
New York,1000,10028,5th Avenue,Take a trip to the past as you travel by visiting this museum as you observing the rich history provided,POINT (-73.9634178 40.7793968),40.7793968,43,-73.9634178,The Metropolitan Museum of Art,10:00-17:00; Fr-Sa 10:00-21:00; We off,museum,https://www.metmuseum.org/,Central Park,4.5
New York,,10021,East 64th Street,Amidst the charming Central Park is a captivating zoo with a diverse range of species from Snow Leopards to tropical birds.,POINT (-73.97185496091448 40.76803799061872),40.76803799,43,-73.97185496,Central Park Zoo,Mo-Su 10:00-16:30,zoo,http://www.centralparkzoo.com/,Central Park,4.5
New York,,,Central Park,Searching for tranquility within the concrete jungle that is Manhattan? Look no further! This park provides a scenic sancturary away from the busy streets of New York City. Settle in and connect with Monther Nature,POINT(-73.96557267440741 40.782765890103136),40.78276589,43,-73.96557267,Central Park,Mo-Su 06:00- 01:00,park,https://www.centralparknyc.org/,Central Park,4.5
New York,Grand Army Plaza,10019,Grand Army Plaza, Seaching for tranquility withing the concrete jungle that is Manhattan? Look no further! This park provides a scenic sanctuary away from the busy streets of New York City. Settle in and connect with Mother Nature,POINT (-73.97313849066886 40.764755908242485),40.76475591,43,-73.97313849,Grand Army Plaza,Mo-Su 06:00- 01:00,park,https://www.centralparknyc.org/locations/grand-army-plaza,Central Park,4.5
New York,,10013,Mulberry Street & Baxter Street,Searching for tranquility within the concrete jungle that is Manhattan? Look no further! This park provides a scenic sancturary away from the busy streets of New York City. Settle in and connect with Monther Nature,POINT (-74.00005303208148 40.71570487920854),40.71570488,45,-74.00005303,"Columbus Park
",Mo-Su 6:00-10:00,park,https://www.nycgovparks.org/parks/columbus-park-m015,Chinatown,4.5
New York,215,10013,Central Street,Take a trip to the past as you travel by visiting this museum as you observing the rich history provided,POINT (-73.99901233484601 40.71951053755542),40.71951054,144,-73.99901233,Museum of Chinese in America,Sa 10:00-18:00,museum,https://www.mocanyc.org/,Little Italy/NoLiTa,4.5
New York,215,10013,Centre Street,Take a trip to the past as you travel by visiting this museum as you observing the rich history provided,POINT (-73.9990481 40.7194172),40.7194172,144,-73.9990481,Museum of Chinese in America,"Tu, We, Fr-Su 11:00-18:00; Th 11:00-21:00",museum,https://www.mocanyc.org,Little Italy/NoLiTa,4.5
New York,558,10012,Broadway,Take a trip to the past as you travel by visiting this museum as you observing the rich history provided,POINT (-73.9979055 40.7238654),40.7238654,144,-73.9979055,Museum of Ice Cream,"Mo, We, Th, Su 10:00-19:00; Fr, Sa 10:00-20:30",museum,https://www.museumoficecream.com/new-york-city,Little Italy/NoLiTa,4.5
New York,1260,10020,6th Ave,,POINT (-73.97988064372488 40.76014662915565),40.76014663,161,-73.97988064,Radio City Music Hall,"Depends on show time, see website",entertainment ,https://www.msg.com/radio-city-music-hall?cmp=van_radiocity,Midtown Center,4.5
New York,11,10019,West 53rd Street,Take a trip to the past as you travel by visiting this museum as you observing the rich history provided,POINT (-73.9775451 40.761612),40.761612,161,-73.9775451,MoMA,"Mo-Sa,Su 10:30-17:30; Fr 10:30-20:00",museum,https://www.moma.org/,Midtown Center,4.5
New York,86,10036,West 46th Street,Take a trip to the past as you travel by visiting this museum as you observing the rich history provided,POINT (-73.9995256 40.7645198),40.7645198,50,-73.9995256,Intrepid Museum,Mo-Su 10:00-17:00,museum,https://www.intrepidmuseum.org/,Clinton West,4.5
New York,75,10011,9th Avenue,"Wether its the Empire State Building or the bustling Chelsea Market, Manhattan is not short of fun and interesting places to explore and socialise!",POINT (-74.0069958 40.7429236),40.7429236,68,-74.0069958,Chelsea Market,Mo-Sa 07:00-21:00; Su 08:00-20:00,shopping,http://chelseamarket.com/,East Chelsea,4.5
New York,453,10011,West 17th Street,Immerse yourself in the captivating world of art as you explore marvellous the pieces that this gallery has to offer,POINT (-74.0061805 40.7439372),40.7439372,68,-74.0061805,Ulrik Gallery,We-Sa 12:00-18:00,gallery,https://ulrik.nyc,East Chelsea,4.5
New York,1230,10029,5th Ave,Take a trip to the past as you travel by visiting this museum as you observing the rich history provided,POINT (-73.95136338790059 40.793305089024614),40.79330509,75,-73.95136339,El Museo del Barrio,Th-Su 11:00-17:00,museum,https://www.elmuseo.org/,East Harlem South,4.5
New York,1220,10029,5th Avenue,Take a trip to the past as you travel by visiting this museum as you observing the rich history provided,POINT (-73.9519079 40.792506),40.792506,75,-73.9519079,Museum of the City of New York,Fr-Mo 10:00-17:00; Th 10:00-21:00,museum,https://www.mcny.org/,East Harlem South,4.5
New York,1280,10029,5th Avenue,Take a trip to the past as you travel by visiting this museum as you observing the rich history provided,POINT (-73.9493338 40.7963422),40.7963422,75,-73.9493338,The Africa Center,Su-Th 12:00-20:00,museum,https://www.theafricacenter.org/,East Harlem South,4.5
New York,188,10009,East 2nd Street,Immerse yourself in the captivating world of art as you explore marvellous the pieces that this gallery has to offer,POINT (-73.9841125 40.7224564),40.7224564,79,-73.9841125,Karma Gallery,Tu-Sa 10:00-18:00,gallery,https://karmakarma.org,East Village,4.5
New York,64,10009,Avenue A,Immerse yourself in the captivating world of art as you explore marvellous the pieces that this gallery has to offer,POINT (-73.9845324 40.7244007),40.7244007,79,-73.9845324,MARCH,Tu-Sa 11:00-18:00,gallery,https://www.marchgallery.org,East Village,4.5
New York,12,10038,Fulton Street,Take a trip to the past as you travel by visiting this museum as you observing the rich history provided,POINT (-74.0036758 40.706628),40.706628,87,-74.0036758,South Street Seaport Museum,We-Su 11:00-17:00,museum,https://southstreetseaportmuseum.org/,Financial District North,4.5
New York,185,10007,Greenwich Street,"From the culinary delight that is the Chelsea Market, to the iconic Westfields Mall, Manhattan is a Shopaholic's Paradise!",POINT(-74.01120542039087 40.71220927158285),40.71220927,261,-74.01120542,Westfield World Trade Center,Mo-Sa 10:00-20:00; Su 10:00-19:00,shopping,https://www.westfield.com/westfieldworldtradecenter,World Trade Center,4.5
New York,180,10007,Greenwich Street,Take a trip to the past as you travel by visiting this museum as you observing the rich history provided,POINT (-74.0127418 40.711456),40.711456,261,-74.0127418,9/11 Memorial & Museum,Mo-Th 09:00-20:00; Fr-Sa 09:00-21:00; Su 09:00-20:00,museum,https://www.911memorial.org/,World Trade Center,4.5
New York,92,10006,Greenwich Street,Take a trip to the past as you travel by visiting this museum as you observing the rich history provided,POINT (-74.0137633 40.7079432),40.7079432,261,-74.0137633,9/11 Tribute Museum,Mo-Sa 10:00-18:00; Su 10:00-17:00,museum,https://911tributemuseum.org/,World Trade Center,4.5
New York,54,10004,Pearl Street,Take a trip to the past as you travel by visiting this museum as you observing the rich history provided,POINT (-74.0113536 40.7033867),40.7033867,88,-74.0113536,Fraunces Tavern Museum,We-Su 12:00-17:00,museum,https://www.frauncestavernmuseum.org/,Financial District South,4.5
New York,1,10004,Bowling Green,Take a trip to the past as you travel by visiting this museum as you observing the rich history provided,POINT (-74.0137472 40.7040265),40.7040265,88,-74.0137472,National Museum of the American Indian,Mo-Su 10:00-17:00,museum,https://americanindian.si.edu/,Financial District South,4.5
New York,119,10011,West 23rd Street,Take a trip to the past as you travel by visiting this museum as you observing the rich history provided,POINT (-73.9933334 40.7435904),40.7435904,90,-73.9933334,Poster House,"We-Mo 11:00-18:00, Tu off",museum,https://posterhouse.org/,Flatiron,4.5
New York,150,10011,West 17th Street,Take a trip to the past as you travel by visiting this museum as you observing the rich history provided,POINT (-73.9977377 40.7400959),40.7400959,90,-73.9977377,Rubin Museum of Art,"Mo 11:00-17:00, Sa,Su 11:00-18:00; We 11:00-21:00, Th 11:00-17:00, Fr 11:00-22:00",museum,http://rubinmuseum.org/,Flatiron,4.5
New York,234,10036,West 42nd Street,"Whether its the Empire State Building or The Color Factory, Manhattan is not short of fun and interesting places to explore!",POINT (-73.9885078 40.756466),40.756466,100,-73.9885078,Ripley's Believe It or Not!,Mo-Su 09:00-01:00,attraction,https://ripleysnewyork.com,Garment District,4.5
New York,,10004,Statue of Liberty,"Whether its the Empire State Building or The Color Factory, Manhattan is not short of fun and interesting places to explore!",POINT (-74.04448967441175 40.68949342729324),40.68949343,103,-74.04448967,Statue of Liberty,Mo-Su 09:00-17:00,attraction,https://www.nps.gov/stli/index.htm,Governor's Island/Ellis Island/Liberty Island,4.5
New York,29,10003,East 4th Street,Take a trip to the past as you travel by visiting this museum as you observing the rich history provided,POINT (-73.9923438 40.7276576),40.7276576,113,-73.9923438,Merchant's House Museum,Sep-May Th-Su 13:00-17:00; Jun-Aug We-Su 13:00-17:00; PH off,museum,https://merchantshouse.org/,Greenwich Village North,4.5
New York,526,10012,Laguardia Place,Take a trip to the past as you travel by visiting this museum as you observing the rich history provided,POINT (-73.99882 40.7284684),40.7284684,114,-73.99882,The Renee and Chaim Gross Foundation,"Th,Fr 13:00-17:00",museum,http://www.rcgrossfoundation.org/,Greenwich Village South,4.5
New York,33,10012,Bleecker Street,Immerse yourself in the captivating world of art as you explore marvellous the pieces that this gallery has to offer,POINT (-73.9937321 40.7257629),40.7257629,114,-73.9937321,Z??rcher Studio,Tu-Sa 12:00-18:00; Su 14:00-18:00,gallery,https://galeriezurcher.com,Greenwich Village South,4.5
New York,47,10012,Great Jones Street,Immerse yourself in the captivating world of art as you explore marvellous the pieces that this gallery has to offer,POINT (-73.992545 40.7265986),40.7265986,114,-73.992545,La MaMa Galleria,Th-Su 13:00-19:00,gallery,https://lamama.org,Greenwich Village South,4.5
New York,414,10031,W 141st Street,"Whether its the Empire State Building or The Color Factory, Manhattan is not short of fun and interesting places to explore!",POINT (-73.94715219954486 40.82160404277699),40.82160404,152,-73.9471522,Hamilton Grange National Memorial,We-Su 10:00-17:00,attraction,http://www.nps.gov/hagr/index.htm,Manhattanville,4.5
New York,615,10027,West 129th Street,Immerse yourself in the captivating world of art as you explore marvellous the pieces that this gallery has to offer,POINT (-73.9586445 40.8172422),40.8172422,152,-73.9586445,Miriam and Ira D. Wallach Art Gallery,We-Fr 12:00-20:00; Sa-Su 12:00-18:00,gallery,https://wallach.columbia.edu/,Manhattanville,4.5
New York,,10040,"W 190th St &, Amsterdam Ave",Searching for tranquility within the concrete jungle that is Manhattan? Look no further! This park provides a scenic sancturary away from the busy streets of New York City. Settle in and connect with Monther Nature,POINT (-73.92566291430934 40.85407238455946),40.85407238,120,-73.92566291,Highbridge Park,Mo-Su 6:00-23:00,park,https://www.nycgovparks.org/parks/highbridge-park,Highbridge Park,4.5
New York,278,10013,Spring Street,Take a trip to the past as you travel by visiting this museum as you observing the rich history provided,POINT (-74.0069355 40.7255756),40.7255756,125,-74.0069355,New York City Fire Museum,10:00-17:00,museum,http://www.nycfiremuseum.org/,Hudson Sq,4.5
New York,251,10013,Spring Street,"Whether its the Empire State Building or The Color Factory, Manhattan is not short of fun and interesting places to explore!",POINT (-74.0054663 40.7257695),40.7257695,125,-74.0054663,Color Factory,"Mo, Th, Su 09:30-18:00; Tu 09:30-17:00; We off; Fr, Sa 09:30-20:00",attraction,http://colorfactory.co,Hudson Sq,4.5
New York,75,10013,Varick Street,Take a trip to the past as you travel by visiting this museum as you observing the rich history provided,POINT (-74.0068809 40.7231769),40.7231769,125,-74.0068809,Jackie Robinson Museum,Th-Su 11:00-18:00; Dec 25 off,museum,https://www.jackierobinsonmuseum.org,Hudson Sq,4.5
New York,4881,10034,Broadway,Take a trip to the past as you travel by visiting this museum as you observing the rich history provided,POINT (-73.9228859 40.8673822),40.8673822,127,-73.9228859,Dyckman Farmhouse Museum,Th-Sa 11:00-16:00; Su 11:00-15:00,museum,https://dyckmanfarmhouse.org/,Inwood,4.5
New York,,10034,"Payson Avenue. &, Seaman Avenue",Searching for tranquility within the concrete jungle that is Manhattan? Look no further! This park provides a scenic sancturary away from the busy streets of New York City. Settle in and connect with Monther Nature,POINT (-73.92478673207417 40.87232078946028),40.87232079,128,-73.92478673,Inwood Hill Park,Mo-Su 06:00- 01:00,park,https://www.nycgovparks.org/parks/inwood-hill-park,Inwood Hill Park,4.5
New York,240,10010,E 26th Street,"Whether its the Empire State Building or The Color Factory, Manhattan is not short of fun and interesting places to explore!",POINT (-73.98003627256129 40.74012964173791),40.74012964,137,-73.98003627,Holographic Studios,Mo-Fr 14:00-18:00,attraction,http://www.holographer.com/,Kips Bay,4.5
New York,,10022,"E. 60th Street &, FDR Drive",Searching for tranquility within the concrete jungle that is Manhattan? Look no further! This park provides a scenic sancturary away from the busy streets of New York City. Settle in and connect with Monther Nature,POINT (-73.95743298975025 40.75982795658405),40.75982796,140,-73.95743299,Andrew Haswell Green Park,Mo 06:00-01:00; Tu-Sa 06:00-23:00; Su 06:00-00:00,park,https://www.nycgovparks.org/parks/andrew-haswell-green-park,Lenox Hill East,4.5
New York,725,10021,Park Avenue,Take a trip to the past as you travel by visiting this museum as you observing the rich history provided,POINT (-73.96445564742066 40.77016065413637),40.77016065,237,-73.96445565,Asia Society and Museum,Tu-Su 11:00-17:00,museum,http://asiasociety.org/new-york,Upper East Side South,4.5
New York,38,10021,East 70th Street,Immerse yourself in the captivating world of art as you explore marvellous the pieces that this gallery has to offer,POINT (-73.965721 40.7700521),40.7700521,237,-73.965721,Michael Altman Fine Art,Mo-Fr 10:00-17:00; PH off,gallery,https://mnafineart.com/,Upper East Side South,4.5
New York,128,10065,East 63rd Street,Take a trip to the past as you travel by visiting this museum as you observing the rich history provided,POINT (-73.966827 40.7648187),40.7648187,237,-73.966827,Society of Illustrators,We-Sa 11:00-17:00,museum,https://societyillustrators.org/,Upper East Side South,4.5
New York,945,10021,Madison Avenue,Take a trip to the past as you travel by visiting this museum as you observing the rich history provided,POINT (-73.9639898 40.7734755),40.7734755,237,-73.9639898,Frick Madison,Th-Su 10:00-18:00,museum,https://www.frick.org/,Upper East Side South,4.5
New York,128,10065,128 E 63rd Street,Take a trip to the past by visiting this museum and observing the rich history provided,POINT (-73.96683319655673 40.76494481265049),40.76494481,237,-73.9668332,Society of Illustrators,We-Sa 11:00-17:00,museum,http://www.societyillustrators.org/,Upper East Side South,4.5
New York,,10022,"59th Street and, 1000 Third Avenue, Lexington Avenue","From the culinary delight that is the Chelsea Market, to the iconic Westfields Mall, Manhattan is a Shopaholic's Paradise!",POINT (-73.96705850208201 40.7624338425677),40.76243384,237,-73.9670585,Bloomingdale's,Mo-Sa 10:00-20:00; Su 11:00-19:00,shopping,https://locations.bloomingdales.com/59th-street,Upper East Side South,4.5
New York,725,10021,Park Avenue,Take a trip to the past by visiting this museum and observing the rich history provided,POINT (-73.9644057927597 40.77015885413142),40.77015885,237,-73.96440579,Asia Society and Museum,Tu-Su 11:00-17:00,museum,http://asiasociety.org/new-york,Upper East Side South,4.5
New York,945,10021,Madison Avenue,Take a trip to the past by visiting this museum and observing the rich history provided,POINT (-73.96389336433755 40.77373507378782),40.77373507,237,-73.96389336,Frick Madison,Th-Su 10:00-18:00,museum,http://www.frick.org/madison,Upper East Side South,4.5
New York,4,10075,E 77th Street # 2,Immerse yourself in the captivating world of art as you explore the marvellous pieces this gallery has to offer,POINT (-73.96430234955788 40.77532215828041),40.77532216,237,-73.96430235,Michael Werner Gallery,Mo-Fr 10:00-18:00,gallery,https://www.michaelwerner.com/,Upper East Side South,4.5
New York,643,10065,Park Avenue," This theatre offers a variety of creative and captivating performances, from contempporary musicals to timeless plays. A show at this theatre will be nothing short of spectacular!",POINT (-73.96552281291186 40.76746575548986),40.76746576,237,-73.96552281,Park Avenue Armory,Mo-Fr 10:00-18:00,theatre,http://www.armoryonpark.org/,Upper East Side South,4.5
New York,290,10023,Columbus Avenue,Take a trip to the past as you travel by visiting this museum as you observing the rich history provided,POINT (-73.9781357 40.7786086),40.7786086,142,-73.9781357,NYC Barber Shop Museum,Tu-Fr 10:00-19:00; Sa 10:00-18:00; Su 11:00-17:00,museum,https://www.nycbarbershopmuseum.com/,Lincoln Square East,4.5
New York,860,10019,11th Avenue,Immerse yourself in the captivating world of art as you explore marvellous the pieces that this gallery has to offer,POINT (-73.9902725 40.771366),40.771366,143,-73.9902725,Anya & Andrew Shiva Gallery,Mo-Fr 10:00-18:00,gallery,http://shivagallery.org,Lincoln Square West,4.5
New York,235,10002,Bowery,Take a trip to the past as you travel by visiting this museum as you observing the rich history provided,POINT (-73.9928349 40.722347),40.722347,148,-73.9928349,New Museum,Tu-Su 11:00-18:00,museum,https://www.newmuseum.org/,Lower East Side,4.5
New York,103,10002,Orchard Street,Take a trip to the past as you travel by visiting this museum as you observing the rich history provided,POINT (-73.9900266 40.7187837),40.7187837,148,-73.9900266,Lower East Side Tenement Museum,Mo-Su 10:00-18:00,museum,https://www.tenement.org/,Lower East Side,4.5
New York,149,10002,Allen Street,Immerse yourself in the captivating world of art as you explore marvellous the pieces that this gallery has to offer,POINT (-73.9892808 40.720719),40.720719,148,-73.9892808,Krause Gallery,We-Su 12:00-18:00,gallery,https://krausegallery.com,Lower East Side,4.5
New York,94,10002,Allen Street,Immerse yourself in the captivating world of art as you explore marvellous the pieces that this gallery has to offer,POINT (-73.9904291 40.7185164),40.7185164,148,-73.9904291,Magenta Plains,We-Su 11:00-18:00,gallery,http://www.magentaplains.com,Lower East Side,4.5
New York,155,10002,Suffolk Street,Immerse yourself in the captivating world of art as you explore marvellous the pieces that this gallery has to offer,POINT (-73.9852723 40.7208065),40.7208065,148,-73.9852723,Morgan Presents,Tu-Sa 10:00-18:00,gallery,https://www.morgan-presents.com/,Lower East Side,4.5
New York,119,10002,Ludlow Street,Immerse yourself in the captivating world of art as you explore marvellous the pieces that this gallery has to offer,POINT (-73.9887194 40.7196295),40.7196295,148,-73.9887194,Con Artist Collective,Mo-Sa 11:00-19:00,gallery,https://conartistnyc.com,Lower East Side,4.5
New York,130,10002,Orchard Street,Immerse yourself in the captivating world of art as you explore marvellous the pieces that this gallery has to offer,POINT (-73.9892959 40.7196517),40.7196517,148,-73.9892959,Perrotin New York,Tu-Sa 10:00-18:00,gallery,https://perrotin.com,Lower East Side,4.5
New York,131,10002,Allen Street,Immerse yourself in the captivating world of art as you explore marvellous the pieces that this gallery has to offer,POINT (-73.990232 40.7200826),40.7200826,148,-73.990232,Bitforms Gallery,We-Sa 11:00-18:00; Su 12:00-18:00,gallery,https://bitforms.art,Lower East Side,4.5
New York,55,10002,Delancey Street,Immerse yourself in the captivating world of art as you explore marvellous the pieces that this gallery has to offer,POINT (-73.9911739 40.7191881),40.7191881,148,-73.9911739,James Fuentes LLC,We-Su 10:00-18:00,gallery,https://jamesfuentes.com/,Lower East Side,4.5
New York,16B,10002,Orchard Street,Immerse yourself in the captivating world of art as you explore marvellous the pieces that this gallery has to offer,POINT (-73.9916176 40.7151986),40.7151986,148,-73.9916176,Chinatown Soup,Mo-Sa 12:00-19:00,gallery,https://chinatownsoup.nyc,Lower East Side,4.5
New York,36,10002,Orchard Street,Immerse yourself in the captivating world of art as you explore marvellous the pieces that this gallery has to offer,POINT (-73.9912916 40.7158321),40.7158321,148,-73.9912916,Miguel Abreu Gallery,We-Su 10:00-18:00,gallery,https://miguelabreugallery.com/,Lower East Side,4.5
New York,79,10002,Essex Street,Take a trip to the past as you travel by visiting this museum as you observing the rich history provided,POINT (-73.9886491 40.718097),40.718097,148,-73.9886491,International Center of Photography,11:00-19:00; Tu off; Th 11:00-21:00,museum,https://www.icp.org/,Lower East Side,4.5
New York,150,10025,W 100th Street,This library offers an escape to those seeking knowledge and tranquility amidst the bustling streets of New York City ,POINT (-73.96538484621433 40.80563363228752),40.80563363,166,-73.96538485,Bloomingdale Library,Mo-Th 10:00-19:00; Fr-Sa 10:00-17:00,library,http://www.nypl.org/locations/bloomingdale,Morningside Heights,4.5
New York,,10025,W 101st St,Searching for tranquility within the concrete jungle that is Manhattan? Look no further! This park provides a scenic sancturary away from the busy streets of New York City. Settle in and connect with Monther Nature,POINT( -73.96711576580026 40.80985511359879),40.8098551,166,-73.96711577,Riverside Park,Mo-Su 06:00-01:00,park,https://www.nycgovparks.org/parks/riverside-park,Morningside Heights,4.5
New York,50,10463,W 225th Street,"From the culinary delight that is the Chelsea Market, to the iconic Westfields Mall, Manhattan is a Shopaholic's Paradise!",POINT (-73.90879641638867 40.873277843259125),40.87327784,153,-73.90879642,The Shops at Marble Hill,Mo-Su 07:00-00:00,shopping,http://www.theshopsatmarblehill.com/,Marble Hill,4.5
New York,99,10014,Gansevoort Street,Take a trip to the past as you travel by visiting this museum as you observing the rich history provided,POINT (-74.0089385 40.739633),40.739633,158,-74.0089385,Whitney Museum of American Art,"We-Th, Sa-Mo 10:30-18:00; Fr 10:30-22:00",museum,https://www.whitney.org/,Meatpacking/West Village West,4.5
New York,89,10017,East 42nd Street,"Whether its the Empire State Building or The Color Factory, Manhattan is not short of fun and interesting places to explore!",POINT (-73.9772748 40.7526474),40.7526474,162,-73.9772748,Grand Central Terminal,Mo-Su 05:30-02:00,attraction,https://www.grandcentralterminal.com/,Midtown East,4.5
New York,405,10174,Lexington Avenue,"Whether its the Empire State Building or The Color Factory, Manhattan is not short of fun and interesting places to explore!",POINT (-73.97518270647976 40.75226675026014),40.75226675,162,-73.97518271,Chrysler Building,Mo-Fr 08:00-18:00,attraction,https://www.tishmanspeyer.com/projects-investments,Midtown East,4.5
New York,2,10019,Columbus Circle,Take a trip to the past as you travel by visiting this museum as you observing the rich history provided,POINT (-73.9820053 40.7673824),40.7673824,163,-73.9820053,Museum of Arts and Design,"Tu, We, Fr-Su 10:00-18:00; Th 10:00-21:00",museum,https://www.madmuseum.org/,Midtown North,4.5
New York,350,10018,5th Avenue,"Whether its the Empire State Building or The Color Factory, Manhattan is not short of fun and interesting places to explore!",POINT (-73.9856589 40.748442),40.748442,164,-73.9856589,Empire State Building,Mo-Su 08:00-02:00,attraction,https://www.esbnyc.com/explore,Midtown South,4.5
New York,476,10018,5th Avenue,"Whether its the Empire State Building or The Color Factory, Manhattan is not short of fun and interesting places to explore!",POINT (-73.9822454 40.7532182),40.7532182,164,-73.9822454,New York Public Library,"Mo,Th 08:00-20:00; Tu,We 08:00-21:00; Fr 08:00-18:00; Sa 10:00-18:00; Su 10:00-17:00",attraction,https://www.nypl.org/locations/schwarzman,Midtown South,4.5
New York,225,10016,Madison Avenue,Take a trip to the past as you travel by visiting this museum as you observing the rich history provided,POINT (-73.9814793 40.7491907),40.7491907,170,-73.9814793,The Morgan Library & Museum,Tu-Su 10:00-17:30,museum,https://www.themorgan.org/,Murray Hill,4.5
New York,227,10010,W 27th Street,Take a trip to the past as you travel by visiting this museum as you observing the rich history provided,POINT (-73.99426907354918 40.74668799155961),40.74668799,186,-73.99426907,The Museum at FIT,We-Fr 12:00-20:00; Sa-Su 10:00-17:00,museum,http://www.fitnyc.edu/museum,Penn Station/Madison Sq West,4.5
New York,11,10010,Madison Avenue,Searching for tranquility within the concrete jungle that is Manhattan? Look no further! This park provides a scenic sancturary away from the busy streets of New York City. Settle in and connect with Monther Nature,POINT(-73.98802066091562 40.7422926162491),40.74229262,234,-73.98802066,Madison Square Park,Mo-Su 06:00- 23:00,park,http://www.madisonsquarepark.org/,Union Sq,4.5
New York,223,10016,5th Avenue,Take a trip to the past as you travel by visiting this museum as you observing the rich history provided,POINT (-73.9873576 40.7440374),40.7440374,234,-73.9873576,Museum of Sex,"Mo-Th, Su 10:30-22:00; Fr, Sa 10:30-23:00",museum,https://www.museumofsex.com/,Union Sq,4.5
New York,11,10010,East 26th Street,Take a trip to the past as you travel by visiting this museum as you observing the rich history provided,POINT (-73.9873437 40.7432428),40.7432428,234,-73.9873437,National Museum of Mathematics,Mo-Su 10:00-17:00,museum,https://momath.org/,Union Sq,4.5
New York,17,10011,West 17th Street,Immerse yourself in the captivating world of art as you explore marvellous the pieces that this gallery has to offer,POINT (-73.9932713 40.7385275),40.7385275,234,-73.9932713,The 8th Floor Gallery,Th-Sa 11:00-18:00,gallery,https://www.the8thfloor.org,Union Sq,4.5
New York,,10035,"East River and, Hell Gate Cir",Searching for tranquility within the concrete jungle that is Manhattan? Look no further! This park provides a scenic sancturary away from the busy streets of New York City. Settle in and connect with Monther Nature,POINT (-73.92927484483064 40.784524418324246),40.78452442,194,-73.92927484,Wards Island Park,Mo-Su 06:00-01:00,park,http://www.nycgovparks.org/parks/wards-island-park,Randalls Island,4.5
New York,,10044,Roosevelt Island,Searching for tranquility within the concrete jungle that is Manhattan? Look no further! This park provides a scenic sancturary away from the busy streets of New York City. Settle in and connect with Monther Nature,POINT(-73.95809228790247 40.752623513431146),40.75262351,202,-73.95809229,Southpoint Park,Mo-Su 09:00-22:00,park,http://rioc.ny.gov/,Roosevelt Island,4.5
New York,204,10038,Front Street,Immerse yourself in the captivating world of art as you explore marvellous the pieces that this gallery has to offer,POINT ( -74.00326409942522 40.70708707897607),40.70708708,209,-74.0032641,Bright Moments New York Art Gallery,Tu-Fr 12:00-17:00,gallery,http://www.brightmoments.io/,Seaport,4.5
New York,141,10012,Prince Street,Immerse yourself in the captivating world of art as you explore marvellous the pieces that this gallery has to offer,POINT (-74.0005096 40.7256775),40.7256775,211,-74.0005096,Louis K.Meisel Gallery,Mo-Su 10:00-17:00,gallery,https://www.meiselgallery.com/,SoHo,4.5
New York,9,10003,Rutherford Place,Searching for tranquility within the concrete jungle that is Manhattan? Look no further! This park provides a scenic sancturary away from the busy streets of New York City. Settle in and connect with Monther Nature,POINT (-73.98414126244339 40.73406107942849),40.73406108,107,-73.98414126,Stuyvesant Square Park,Mo-Su 07:00-23:00,park,http://www.nycgovparks.org/parks/stuyvesant-square,Gramercy,4.5
New York,281,10010,Park Avenue Street,Take a trip to the past as you travel by visiting this museum as you observing the rich history provided,POINT (-73.98673065962154 40.73964203796129),40.73964204,107,-73.98673066,Fotografiska Museum NYC,Su-We 09:00-21:00; Th-Sa 09:00-23:00,museum,https://www.fotografiska.com/nyc/,Gramercy,4.5
New York,130,10010,E 23rd Street,"Whether its the Empire State Building or The Color Factory, Manhattan is not short of fun and interesting places to explore!",POINT (-73.985212225661 40.73955255451449),40.73955255,107,-73.98521223,The Friends Experience,We-Fr 10:00-19:00; Sa-Su 10:00-19:00,attraction,https://www.friendstheexperience.com/new-york/?utm_source=google&utm_medium=localcards&utm_campaign=110671_nyc,Gramercy,4.5
New York,500,10022,E 57th Street,Searching for tranquility within the concrete jungle that is Manhattan? Look no further! This park provides a scenic sancturary away from the busy streets of New York City. Settle in and connect with Monther Nature,POINT (-73.960256728935 40.756828589777264),40.75682859,229,-73.96025673,Sutton Park,Mo-Su 6:00-21:00,park,https://www.nycgovparks.org/parks/sutton-place-park,Sutton Place/Turtle Bay North,4.5
New York,217,10022,E 51st Street, Seaching for tranquility withing the concrete jungle that is Manhattan? Look no further! This park provides a scenic sanctuary away from the busy streets of New York City. Settle in and connect with Mother Nature,POINT (-73.96924147151813 40.756635839234065),40.75663584,229,-73.96924147,Greenacre Park,Mo-Su 08:00-18:00,park,http://greenacrepark.org/,Sutton Place/Turtle Bay North,4.5
New York,,10036,Manhattan,"Whether its the Empire State Building or The Color Factory, Manhattan is not short of fun and interesting places to explore!",POINT (-73.98551426775042 40.75813286295451),40.75813286,230,-73.98551427,Times Square,Mo-Su 24 hours,attraction,https://www.timessquarenyc.org/,Times Sq/Theatre District,4.5
New York,245,10036,W 44th Street,"This theatre offers a vast range of creative and captivating performances,from timeless plays to contemporary musicals. A show at this theatre will be nothing short of spectacular!",POINT (-73.98807845935355 40.75850669453854),40.75850669,230,-73.98807846,Majestic Theatre,"Depends on show time, see website",theatre,http://www.shubert.nyc/theatres/majestic/,Times Sq/Theatre District,4.5
New York,49,10007,Chambers Street,Take a trip to the past as you travel by visiting this museum as you observing the rich history provided,POINT (-74.005072 40.7137437),40.7137437,231,-74.005072,Hall des Lumi??res,10:00-18:00; Tu off; Th-Sa 10:00-22:00,museum,https://www.halldeslumieres.com/,TriBeCa/Civic Center,4.5
New York,4,10013,Cortlandt Alley,Take a trip to the past as you travel by visiting this museum as you observing the rich history provided,POINT (-74.0028203 40.7173656),40.7173656,231,-74.0028203,Mmuseumm,"Sa-Su 12:00-18:00 open ""Museum"" || 00:00-24:00 open ""Viewing windows""",museum,http://www.mmuseumm.com/,TriBeCa/Civic Center,4.5
New York,57,10013,Walker Street,Immerse yourself in the captivating world of art as you explore marvellous the pieces that this gallery has to offer,POINT (-74.0032329 40.7188402),40.7188402,231,-74.0032329,David Lewis Gallery,Tu-Sa 10:00-18:00,gallery,https://www.davidlewisgallery.com/,TriBeCa/Civic Center,4.5
New York,127,10002,Henry Street,Immerse yourself in the captivating world of art as you explore marvellous the pieces that this gallery has to offer,POINT (-73.9912954 40.713402),40.713402,232,-73.9912954,FIERMAN,We-Su 12:00-18:00,gallery,https://fierman.nyc,Two Bridges/Seward Park,4.5
New York,165,10002,East Broadway,Immerse yourself in the captivating world of art as you explore marvellous the pieces that this gallery has to offer,POINT (-73.9899544 40.7139131),40.7139131,232,-73.9899544,Reena Spauldings Fine Art,Th-Su 12:00-18:00,gallery,https://www.reenaspaulings.com/,Two Bridges/Seward Park,4.5
New York,191,10002,Henry Street,Immerse yourself in the captivating world of art as you explore marvellous the pieces that this gallery has to offer,POINT (-73.9879511 40.7137046),40.7137046,232,-73.9879511,Lazy Susan Gallery,Mo-Su 12:00-18:00,gallery,http://lazysusan.nyc,Two Bridges/Seward Park,4.5
New York,1071,10128,5th Avenue,Take a trip to the past as you travel by visiting this museum as you observing the rich history provided,POINT (-73.9588842 40.7829919),40.7829919,236,-73.9588842,Guggenheim Museum,"Mo, We-Fr, Su 11:00-18:00; Th off; Sa 11:00-20:00",museum,https://www.guggenheim.org/new-york,Upper East Side North,4.5
New York,1109,10128,5th Avenue,Take a trip to the past as you travel by visiting this museum as you observing the rich history provided,POINT (-73.957186 40.7854051),40.7854051,236,-73.957186,The Jewish Museum,"Mo, Tu, Sa, Su 11:00-17:45; Th 11:00-20:00; Fr 11:00-16:00",museum,https://thejewishmuseum.org,Upper East Side North,4.5
New York,18,10024,W 86th Street,Immerse yourself in the captivating world of art as you explore marvellous the pieces that this gallery has to offer,POINT(-73.970707215744 40.78591623075336),40.78591623,238,-73.97070722,Bard Graduate Center Gallery,We 11:00-20:00; Th-Su 11:00-17:00,gallery,http://www.bgc.bard.edu/,Upper West Side North,4.5
New York,212,10024,West 83rd Street,Take a trip to the past as you travel by visiting this museum as you observing the rich history provided,POINT (-73.9773343 40.7858798),40.7858798,239,-73.9773343,Children's Museum of Manhattan,Su-Fr 10:00-17:00; Sa 10:00-19:00,museum,https://www.cmom.org/,Upper West Side South,4.5
New York,180,10024,Central Park West,Take a trip to the past as you travel by visiting this museum as you observing the rich history provided,POINT (-73.974211 40.7810986),40.7810986,239,-73.974211,American Museum of Natural History,Mo-Su 10:00-17:30,museum,https://www.amnh.org/,Upper West Side South,4.5
New York,200,10024,Central Park West,Take a trip to the past as you travel by visiting this museum as you observing the rich history provided,POINT (-73.9733215 40.7813974),40.7813974,239,-73.9733215,Hayden Planetarium,Mo-Su 10:00-17:30,museum,https://haydenplanetarium.org/,Upper West Side South,4.5
New York,99,10040,Margaret Corbin Drive,Take a trip to the past as you travel by visiting this museum as you observing the rich history provided,POINT (-73.9319228 40.8648684),40.8648684,243,-73.9319228,The Met Cloisters,Th-Tu 10:00-16:30,museum,https://www.metmuseum.org/visit/plan-your-visit/met-cloisters,Washington Heights North,4.5
New York,613,10032,W 155th Street,Take a trip to the past as you travel by visiting this museum as you observing the rich history provided,POINT (-73.94620040119585 40.83397364695048),40.83397365,244,-73.9462004,"Hispanic Society Museum & Library
",Th-Su 12:00-17:00,museum,http://www.hispanicsociety.org/,Washington Heights South,4.5
New York,515,10011,West 24th Street,Immerse yourself in the captivating world of art as you explore marvellous the pieces that this gallery has to offer,POINT (-74.004588 40.7489761),40.7489761,246,-74.004588,Gladstone Gallery,Tu-sa 10:00-18:00,gallery,https://gladstonegallery.com,West Chelsea/Hudson Yards,4.5
New York,555,10011,West 24th Street,Take a trip to the past as you travel by visiting this museum as you observing the rich history provided,POINT (-74.0059445 40.7494423),40.7494423,246,-74.0059445,Gagosian,Tu-Sa 10:00-18:00,museum,https://gagosian.com,West Chelsea/Hudson Yards,4.5
New York,555,10011,West 21st Street,Immerse yourself in the captivating world of art as you explore marvellous the pieces that this gallery has to offer,POINT (-74.0075391 40.7475429),40.7475429,246,-74.0075391,303 Gallery,Tu-Sa 11:00-17:00,gallery,https://www.303gallery.com,West Chelsea/Hudson Yards,4.5
New York,540,10001,West 25th Street,Immerse yourself in the captivating world of art as you explore marvellous the pieces that this gallery has to offer,POINT (-74.0049685 40.7495759),40.7495759,246,-74.0049685,Pace Gallery,Tu-Sa 10:00-18:00,gallery,https://www.pacegallery.com/galleries/new-york/,West Chelsea/Hudson Yards,4.5
New York,500A,10011,West 21st Street,Immerse yourself in the captivating world of art as you explore marvellous the pieces that this gallery has to offer,POINT (-74.0054994 40.7464281),40.7464281,246,-74.0054994,Nohra Haime Gallery,Tu-Sa 10:00-18:00,gallery,https://nohrahaimegallery.com,West Chelsea/Hudson Yards,4.5
New York,534,10001,West 26th Street,Immerse yourself in the captivating world of art as you explore marvellous the pieces that this gallery has to offer,POINT (-74.0044964 40.7501321),40.7501321,246,-74.0044964,Mitchell-Innes & Nash Art Gallery,Tu-Sa 10:00-18:00,gallery,https://www.miandn.com,West Chelsea/Hudson Yards,4.5
New York,526,10001,West 26th Street,Immerse yourself in the captivating world of art as you explore marvellous the pieces that this gallery has to offer,POINT (-74.0041806 40.7500174),40.7500174,246,-74.0041806,Rick Wester Fine Art,We-Sa 11:00-18:00,gallery,https://www.rickwesterfineart.com,West Chelsea/Hudson Yards,4.5
New York,528,10001,West 26th Street,Immerse yourself in the captivating world of art as you explore marvellous the pieces that this gallery has to offer,POINT (-74.0043727 40.7500805),40.7500805,246,-74.0043727,Galerie Lelong & Co.,Tu-Sa 10:00-18:00,gallery,https://www.galerielelong.com,West Chelsea/Hudson Yards,4.5
New York,524,10001,West 26th Street,Immerse yourself in the captivating world of art as you explore marvellous the pieces that this gallery has to offer,POINT (-74.0040157 40.7499492),40.7499492,246,-74.0040157,Berry Campbell Gallery,Tu-Sa 10:00-18:00,gallery,https://berrycampbell.com,West Chelsea/Hudson Yards,4.5
New York,526,10001,West 26th Street,Immerse yourself in the captivating world of art as you explore marvellous the pieces that this gallery has to offer,POINT (-74.0042111 40.7499804),40.7499804,246,-74.0042111,Caelum Gallery,Mo-Sa 12:00-18:00,gallery,https://www.caelumgallery.com,West Chelsea/Hudson Yards,4.5
New York,514,10001,West 26th Street,Immerse yourself in the captivating world of art as you explore marvellous the pieces that this gallery has to offer,POINT (-74.0037006 40.7498115),40.7498115,246,-74.0037006,Fergus McCaffrey Gallery,Tu-Sa 10:00-18:00,gallery,https://fergusmccaffrey.com,West Chelsea/Hudson Yards,4.5
New York,508,10001,West 26th Street,Immerse yourself in the captivating world of art as you explore marvellous the pieces that this gallery has to offer,POINT (-74.0035852 40.7497696),40.7497696,246,-74.0035852,Greene Naftali Gallery,Tu-Sa 10:00-18:00,gallery,https://greenenaftaligallery.com,West Chelsea/Hudson Yards,4.5
New York,545,10001,West 25th Street,Immerse yourself in the captivating world of art as you explore marvellous the pieces that this gallery has to offer,POINT (-74.005004 40.7498665),40.7498665,246,-74.005004,Marlborough Gallery,Tu-Sa 10:00-18:00,gallery,https://www.marlboroughnewyork.com,West Chelsea/Hudson Yards,4.5
New York,547,10001,West 25th Street,Immerse yourself in the captivating world of art as you explore marvellous the pieces that this gallery has to offer,POINT (-74.0051872 40.7499342),40.7499342,246,-74.0051872,Cheim & Read,Tu-Sa 10:00-18:00,gallery,https://www.cheimread.com,West Chelsea/Hudson Yards,4.5
New York,555,10001,West 25th Street,Immerse yourself in the captivating world of art as you explore marvellous the pieces that this gallery has to offer,POINT (-74.0054024 40.7500313),40.7500313,246,-74.0054024,Gallery Henoch,Tu-Sa 10:30-18:00,gallery,https://www.galleryhenoch.com,West Chelsea/Hudson Yards,4.5
New York,545,10001,West 25th Street,Immerse yourself in the captivating world of art as you explore marvellous the pieces that this gallery has to offer,POINT (-74.0055421 40.749778),40.749778,246,-74.0055421,The FLAG Art Foundation,We-Sa 11:00-17:00,gallery,https://www.flagartfoundation.org,West Chelsea/Hudson Yards,4.5
New York,520,10001,West 25th Street,Immerse yourself in the captivating world of art as you explore marvellous the pieces that this gallery has to offer,POINT (-74.0042332 40.7492373),40.7492373,246,-74.0042332,Petzel Gallery,tu-sa 10:00-18:00,gallery,https://www.petzel.com,West Chelsea/Hudson Yards,4.5
New York,501,10011,West 24th Street,Immerse yourself in the captivating world of art as you explore marvellous the pieces that this gallery has to offer,POINT (-74.0038323 40.7485527),40.7485527,246,-74.0038323,Lehmann Maupin,Tu-Sa 10:00-18:00,gallery,https://www.lehmannmaupin.com,West Chelsea/Hudson Yards,4.5
New York,505,10011,West 24th Street,Immerse yourself in the captivating world of art as you explore marvellous the pieces that this gallery has to offer,POINT (-74.0040119 40.7486434),40.7486434,246,-74.0040119,Silverlens Galleries,Tu-Sa 10:00-18:00,gallery,https://www.silverlensgalleries.com,West Chelsea/Hudson Yards,4.5
New York,509,10011,West 24th Street,Immerse yourself in the captivating world of art as you explore marvellous the pieces that this gallery has to offer,POINT (-74.0043141 40.7487557),40.7487557,246,-74.0043141,Marianne Boesky Gallery,Tu-Sa 10:00-18:00,gallery,https://marianneboeskygallery.com,West Chelsea/Hudson Yards,4.5
New York,507,10011,West 24th Street,Immerse yourself in the captivating world of art as you explore marvellous the pieces that this gallery has to offer,POINT (-74.004134 40.7486851),40.7486851,246,-74.004134,Marianne Boesky Gallery,Tu-Sa 10:00-18:00,gallery,https://marianneboeskygallery.com,West Chelsea/Hudson Yards,4.5
New York,531,10011,West 24th Street,Immerse yourself in the captivating world of art as you explore marvellous the pieces that this gallery has to offer,POINT (-74.0050793 40.7491116),40.7491116,246,-74.0050793,Luhring Augustine Gallery,Tu-Sa 10:00-18:00,gallery,https://luhringaugustine.com,West Chelsea/Hudson Yards,4.5
New York,541,10011,West 24th Street,Immerse yourself in the captivating world of art as you explore marvellous the pieces that this gallery has to offer,POINT (-74.0054902 40.7492448),40.7492448,246,-74.0054902,Gagosian,Tu-Sa 10:00-18:00,gallery,https://gagosian.com,West Chelsea/Hudson Yards,4.5
New York,560,10011,West 24th Street,Immerse yourself in the captivating world of art as you explore marvellous the pieces that this gallery has to offer,POINT (-74.0061341 40.7492207),40.7492207,246,-74.0061341,C24 Gallery,Tu-Sa 10:00-18:00,gallery,https://www.c24gallery.com,West Chelsea/Hudson Yards,4.5
New York,536,10011,West 24th Street,Immerse yourself in the captivating world of art as you explore marvellous the pieces that this gallery has to offer,POINT (-74.0055599 40.7490119),40.7490119,246,-74.0055599,Fredericks & Freiser,Tu-Sa 10:00-18:00,gallery,https://fredericksfreisergallery.com,West Chelsea/Hudson Yards,4.5
New York,534,10001,West 24th Street,Immerse yourself in the captivating world of art as you explore marvellous the pieces that this gallery has to offer,POINT (-74.0054342 40.7489832),40.7489832,246,-74.0054342,Philippe Labaune Gallery,Tu-Sa 10:00-18:00,gallery,https://www.philippelabaune.com,West Chelsea/Hudson Yards,4.5
New York,532,10011,West 24th Street,Immerse yourself in the captivating world of art as you explore marvellous the pieces that this gallery has to offer,POINT (-74.0053524 40.7489431),40.7489431,246,-74.0053524,Anna Zorina Gallery,Tu-Sa 10:00-18:00,gallery,https://www.annazorinagallery.com,West Chelsea/Hudson Yards,4.5
New York,530,10011,West 24th Street,Immerse yourself in the captivating world of art as you explore marvellous the pieces that this gallery has to offer,POINT (-74.0052508 40.7489086),40.7489086,246,-74.0052508,Cavalier Gallery,Tu-Sa 10:00-18:00,gallery,https://www.cavaliergalleries.com,West Chelsea/Hudson Yards,4.5
New York,524,10011,West 24th Street,Immerse yourself in the captivating world of art as you explore marvellous the pieces that this gallery has to offer,POINT (-74.0049963 40.748787),40.748787,246,-74.0049963,Hunter Dunbar Projects,Tu-Sa 10:00-18:00,gallery,https://www.hunterdunbarprojects.com,West Chelsea/Hudson Yards,4.5
New York,520,10011,West 24th Street,Immerse yourself in the captivating world of art as you explore marvellous the pieces that this gallery has to offer,POINT (-74.0048372 40.7487261),40.7487261,246,-74.0048372,Unix Gallery,Tu-Sa 10:00-18:00,gallery,https://www.unixgallery.com,West Chelsea/Hudson Yards,4.5
New York,522,10011,West 24th Street,Immerse yourself in the captivating world of art as you explore marvellous the pieces that this gallery has to offer,POINT (-74.0048993 40.7487583),40.7487583,246,-74.0048993,Susan Inglett Gallery,Tu-Sa 10:00-18:00,gallery,https://www.inglettgallery.com,West Chelsea/Hudson Yards,4.5
New York,508,10011,West 24th Street,Immerse yourself in the captivating world of art as you explore marvellous the pieces that this gallery has to offer,POINT (-74.0044742 40.7485502),40.7485502,246,-74.0044742,Lisson Gallery,Tu-Sa 10:00-18:00,gallery,https://www.lissongallery.com,West Chelsea/Hudson Yards,4.5
New York,504,10011,West 24th Street,Immerse yourself in the captivating world of art as you explore marvellous the pieces that this gallery has to offer,POINT (-74.0043407 40.7485172),40.7485172,246,-74.0043407,Lisson Gallery,Tu-Sa 10:00-18:00,gallery,https://www.lissongallery.com,West Chelsea/Hudson Yards,4.5
New York,537b,10011,West 23rd Street,Immerse yourself in the captivating world of art as you explore marvellous the pieces that this gallery has to offer,POINT (-74.0055651 40.7484842),40.7484842,246,-74.0055651,Asya Geisberg Gallery,Tu-Sa 11:00-18:00,gallery,https://www.asyageisberggallery.com,West Chelsea/Hudson Yards,4.5
New York,539,10011,West 23rd Street,Immerse yourself in the captivating world of art as you explore marvellous the pieces that this gallery has to offer,POINT (-74.0056655 40.7485387),40.7485387,246,-74.0056655,Margaret Thatcher Projects,Tu-Sa 11:00-18:00,gallery,https://thatcherprojects.com,West Chelsea/Hudson Yards,4.5
New York,559,10011,West 23rd Street,Immerse yourself in the captivating world of art as you explore marvellous the pieces that this gallery has to offer,POINT (-74.006396 40.7488232),40.7488232,246,-74.006396,Crossing Art,Tu-Sa 10:00-18:00,gallery,https://crossingart.com,West Chelsea/Hudson Yards,4.5
New York,520,10011,West 23rd Street,Immerse yourself in the captivating world of art as you explore marvellous the pieces that this gallery has to offer,POINT (-74.0049853 40.7478552),40.7478552,246,-74.0049853,Fremin Gallery,Tu-Sa 11:00-18:00,gallery,https://fremingallery.com,West Chelsea/Hudson Yards,4.5
New York,515,10001,West 29th Street,Immerse yourself in the captivating world of art as you explore marvellous the pieces that this gallery has to offer,POINT (-74.0022364 40.75193),40.75193,246,-74.0022364,Malin Gallery,Tu-Sa 10:00-18:00,gallery,https://www.malingallery.com,West Chelsea/Hudson Yards,4.5
New York,525,10001,West 29th Street,Immerse yourself in the captivating world of art as you explore marvellous the pieces that this gallery has to offer,POINT (-74.0026522 40.7521088),40.7521088,246,-74.0026522,Microscope Gallery,Tu-Sa 12:00-18:00,gallery,https://microscopegallery.com,West Chelsea/Hudson Yards,4.5
New York,548,10001,West 28th Street,Immerse yourself in the captivating world of art as you explore marvellous the pieces that this gallery has to offer,POINT (-74.0041354 40.7516496),40.7516496,246,-74.0041354,Viridian Artists,Tu-Sa 10:00-18:00,gallery,https://viridianartist.com,West Chelsea/Hudson Yards,4.5
New York,548,10001,West 28th Street,Immerse yourself in the captivating world of art as you explore marvellous the pieces that this gallery has to offer,POINT (-74.0041652 40.7516054),40.7516054,246,-74.0041652,Carter Burden Gallery,Tu-Fr 11:00-17:00; Sa 11:00-18:00,gallery,https://www.carterburdengallery.org,West Chelsea/Hudson Yards,4.5
New York,547,10001,West 27th Street,Immerse yourself in the captivating world of art as you explore marvellous the pieces that this gallery has to offer,POINT (-74.0045116 40.7512794),40.7512794,246,-74.0045116,Blue Mountain Gallery,Tu-Sa 11:00-18:00,gallery,https://www.bluemountaingallery.org,West Chelsea/Hudson Yards,4.5
New York,547,10001,West 27th Street,Immerse yourself in the captivating world of art as you explore marvellous the pieces that this gallery has to offer,POINT (-74.0044236 40.7512504),40.7512504,246,-74.0044236,Montserrat Contemporary Art,We-Sa 12:00-18:00,gallery,https://montserrat.us,West Chelsea/Hudson Yards,4.5
New York,547,10001,West 27th Street,Immerse yourself in the captivating world of art as you explore marvellous the pieces that this gallery has to offer,POINT (-74.0044835 40.7513197),40.7513197,246,-74.0044835,Bowery Gallery,Tu-Sa 11:00-18:00,gallery,http://www.bowerygallery.org,West Chelsea/Hudson Yards,4.5
New York,547,10001,West 27th Street,Immerse yourself in the captivating world of art as you explore marvellous the pieces that this gallery has to offer,POINT (-74.004452 40.7513549),40.7513549,246,-74.004452,Prince Street Gallery,Tu-Sa 11:00-18:00,gallery,https://princestreetgallery.com,West Chelsea/Hudson Yards,4.5
New York,547,10001,West 27th Street,Immerse yourself in the captivating world of art as you explore marvellous the pieces that this gallery has to offer,POINT (-74.0043977 40.7512854),40.7512854,246,-74.0043977,The Painting Center,Tu 10:00-16:00; We-Sa 11:00-18:00,gallery,https://www.thepaintingcenter.org,West Chelsea/Hudson Yards,4.5
New York,515,10001,West 27th Street,Immerse yourself in the captivating world of art as you explore marvellous the pieces that this gallery has to offer,POINT (-74.0031538 40.7507088),40.7507088,246,-74.0031538,Ross + Kramer Gallery,Tu-Sa 11:00-18:00,gallery,https://rkgallery.com,West Chelsea/Hudson Yards,4.5
New York,509,10001,West 27th Street,Immerse yourself in the captivating world of art as you explore marvellous the pieces that this gallery has to offer,POINT (-74.0029311 40.750597),40.750597,246,-74.0029311,Kasmin Gallery,Tu-Sa 10:00-18:00,gallery,https://www.kasmingallery.com,West Chelsea/Hudson Yards,4.5
New York,507,10001,West 27th Street,Immerse yourself in the captivating world of art as you explore marvellous the pieces that this gallery has to offer,POINT (-74.0027353 40.7505158),40.7505158,246,-74.0027353,The Global Fine Art Contemporary Art Gallery,-8930,gallery,https://www.artcapitalgain.com,West Chelsea/Hudson Yards,4.5
New York,297,10001,10th Avenue,Immerse yourself in the captivating world of art as you explore marvellous the pieces that this gallery has to offer,POINT (-74.0024698 40.750406),40.750406,246,-74.0024698,Kasmin Gallery,Tu-Sa 10:00-18:00,gallery,https://www.kasmingallery.com,West Chelsea/Hudson Yards,4.5
New York,293,10001,10th Avenue,Immerse yourself in the captivating world of art as you explore marvellous the pieces that this gallery has to offer,POINT (-74.0026414 40.7501683),40.7501683,246,-74.0026414,Galerie Templon,Tu-Sa 10:00-18:00,gallery,https://www.templon.com,West Chelsea/Hudson Yards,4.5
New York,520,10001,West 27th Street,Immerse yourself in the captivating world of art as you explore marvellous the pieces that this gallery has to offer,POINT (-74.0034944 40.7505666),40.7505666,246,-74.0034944,Nancy Hoffman Gallery,Tu-Sa 11:00-17:30,gallery,https://www.nancyhoffmangallery.com,West Chelsea/Hudson Yards,4.5
New York,511,10011,West 22nd Street,Immerse yourself in the captivating world of art as you explore marvellous the pieces that this gallery has to offer,POINT (-74.0053206 40.7474277),40.7474277,246,-74.0053206,Miles McEnery Gallery,Tu-Sa 10:00-18:00,gallery,https://www.milesmcenery.com,West Chelsea/Hudson Yards,4.5
New York,508,10001,West 28th Street,Immerse yourself in the captivating world of art as you explore marvellous the pieces that this gallery has to offer,POINT (-74.0024163 40.7509297),40.7509297,246,-74.0024163,Sugarlift Gallery,Tu-Fr 10:00-18:00; Sa 12:00-18:00,gallery,https://www.sugarlift.com,West Chelsea/Hudson Yards,4.5
New York,521,10001,West 26th Street,Immerse yourself in the captivating world of art as you explore marvellous the pieces that this gallery has to offer,POINT (-74.0037157 40.7501702),40.7501702,246,-74.0037157,Davidson Gallery,Tu-Sa 11:00-18:00,gallery,http://www.davidsongallery.com,West Chelsea/Hudson Yards,4.5
New York,515,10001,West 26th Street,Immerse yourself in the captivating world of art as you explore marvellous the pieces that this gallery has to offer,POINT (-74.0035864 40.7500552),40.7500552,246,-74.0035864,Albertz Benda Gallery,Mo-Fr 10:00-18:00,gallery,http://www.albertzbenda.com,West Chelsea/Hudson Yards,4.5
New York,521,10001,West 26th Street,Immerse yourself in the captivating world of art as you explore marvellous the pieces that this gallery has to offer,POINT (-74.0037594 40.7501299),40.7501299,246,-74.0037594,Hollis Taggart Gallery,Tu-Sa 11:00-17:00,gallery,https://www.hollistaggart.com,West Chelsea/Hudson Yards,4.5
New York,515,10001,West 26th Street,Immerse yourself in the captivating world of art as you explore marvellous the pieces that this gallery has to offer,POINT (-74.0035148 40.7501029),40.7501029,246,-74.0035148,Friedman Benda Gallery,Tu-Sa 10:00-18:00,gallery,https://friedmanbenda.com,West Chelsea/Hudson Yards,4.5
New York,515,10001,West 26th Street,Immerse yourself in the captivating world of art as you explore marvellous the pieces that this gallery has to offer,POINT (-74.0035878 40.7501197),40.7501197,246,-74.0035878,Ryan Lee Gallery,Tu-Sa 10:00-18:00,gallery,https://ryanleegallery.com,West Chelsea/Hudson Yards,4.5
New York,526,10001,West 26th Street,Immerse yourself in the captivating world of art as you explore marvellous the pieces that this gallery has to offer,POINT (-74.0041571 40.7499597),40.7499597,246,-74.0041571,Thomas Erben Gallery,Tu-Sa 11:00-18:00,gallery,https://www.thomaserben.com,West Chelsea/Hudson Yards,4.5
New York,526,10001,West 26th Street,Immerse yourself in the captivating world of art as you explore marvellous the pieces that this gallery has to offer,POINT (-74.0042354 40.7499417),40.7499417,246,-74.0042354,BravinLee Gallery,We-Sa 12:00-17:00,gallery,https://www.bravinlee.com,West Chelsea/Hudson Yards,4.5
New York,526,10001,West 26th Street,Immerse yourself in the captivating world of art as you explore marvellous the pieces that this gallery has to offer,POINT (-74.0041101 40.7499777),40.7499777,246,-74.0041101,Morgan Lehman Gallery,Tu-Sa 11:00-18:00,gallery,https://www.morganlehmangallery.com,West Chelsea/Hudson Yards,4.5
New York,508,10001,West 26th Street,Immerse yourself in the captivating world of art as you explore marvellous the pieces that this gallery has to offer,POINT (-74.0036085 40.7497344),40.7497344,246,-74.0036085,Hesse Flatow Gallery,Tu-Sa 11:00-18:00,gallery,https://hesseflatow.com,West Chelsea/Hudson Yards,4.5
New York,526,10001,West 26th Street,Immerse yourself in the captivating world of art as you explore marvellous the pieces that this gallery has to offer,POINT (-74.0041149 40.749941),40.749941,246,-74.0041149,Deborah Bell Photographs,Th-Sa 11:00-17:00,gallery,https://www.deborahbellphotographs.com,West Chelsea/Hudson Yards,4.5
New York,510,10001,West 26th Street,Immerse yourself in the captivating world of art as you explore marvellous the pieces that this gallery has to offer,POINT (-74.0036422 40.7497859),40.7497859,246,-74.0036422,Alexander Gray Associates Gallery,Tu-Sa 10:30-18:00,gallery,https://alexandergray.com,West Chelsea/Hudson Yards,4.5
New York,508,10001,West 26th Street,Immerse yourself in the captivating world of art as you explore marvellous the pieces that this gallery has to offer,POINT (-74.0036348 40.7497076),40.7497076,246,-74.0036348,Daniel Cooney Fine Art Gallery,We-Sa 11:00-18:00,gallery,https://www.danielcooneyfineart.com,West Chelsea/Hudson Yards,4.5
New York,508,10001,West 26th Street,Immerse yourself in the captivating world of art as you explore marvellous the pieces that this gallery has to offer,POINT (-74.0036627 40.7496717),40.7496717,246,-74.0036627,David Richard Gallery,Tu-Sa 10:00-18:00,gallery,https://davidrichardgallery.com,West Chelsea/Hudson Yards,4.5
New York,526,10001,West 26th Street,Immerse yourself in the captivating world of art as you explore marvellous the pieces that this gallery has to offer,POINT (-74.0041512 40.7498958),40.7498958,246,-74.0041512,David Richard Gallery,Tu-Sa 10:00-18:00,gallery,https://davidrichardgallery.com,West Chelsea/Hudson Yards,4.5
New York,245,10001,10th Avenue,Immerse yourself in the captivating world of art as you explore marvellous the pieces that this gallery has to offer,POINT (-74.0036923 40.7487598),40.7487598,246,-74.0036923,Yossi Milo Gallery,Tu-Sa 10:00-18:00,gallery,https://www.yossimilo.com/,West Chelsea/Hudson Yards,4.5
New York,510,10001,West 25th Street,Immerse yourself in the captivating world of art as you explore marvellous the pieces that this gallery has to offer,POINT (-74.0039931 40.7491212),40.7491212,246,-74.0039931,Pace Gallery,Tu-Sa 10:00-18:00,gallery,https://www.pacegallery.com,West Chelsea/Hudson Yards,4.5
New York,515,10011,West 22nd Street,Immerse yourself in the captivating world of art as you explore marvellous the pieces that this gallery has to offer,POINT (-74.0055719 40.7475186),40.7475186,246,-74.0055719,Miles McEnery Gallery,Tu-Sa 10:00-18:00,gallery,https://www.milesmcenery.com,West Chelsea/Hudson Yards,4.5
New York,525,10011,West 22nd Street,Immerse yourself in the captivating world of art as you explore marvellous the pieces that this gallery has to offer,POINT (-74.0057558 40.7476043),40.7476043,246,-74.0057558,Miles McEnery Gallery,Tu-Sa 10:00-18:00,gallery,https://www.milesmcenery.com,West Chelsea/Hudson Yards,4.5
New York,520,10011,West 21st Street,Immerse yourself in the captivating world of art as you explore marvellous the pieces that this gallery has to offer,POINT (-74.0062465 40.7467488),40.7467488,246,-74.0062465,Miles McEnery Gallery,Tu-Sa 10:00-18:00,gallery,https://www.milesmcenery.com,West Chelsea/Hudson Yards,4.5
New York,525,10011,West 22nd Street,Immerse yourself in the captivating world of art as you explore marvellous the pieces that this gallery has to offer,POINT (-74.0057016 40.7475857),40.7475857,246,-74.0057016,Yancey Richardson Gallery,Tu-Sa 10:00-18:00,gallery,https://www.yanceyrichardson.com,West Chelsea/Hudson Yards,4.5
New York,535,10011,West 22nd Street,Immerse yourself in the captivating world of art as you explore marvellous the pieces that this gallery has to offer,POINT (-74.006149 40.7477676),40.7477676,246,-74.006149,DC Moore Gallery,Tu-Sa 10:00-18:00,gallery,https://www.dcmooregallery.com,West Chelsea/Hudson Yards,4.5
New York,537,10011,West 22nd Street,Immerse yourself in the captivating world of art as you explore marvellous the pieces that this gallery has to offer,POINT (-74.0063018 40.7478387),40.7478387,246,-74.0063018,Dia Chelsea,We-Sa 12:00-18:00,gallery,https://diaart.org/visit/visit-our-locations-sites/dia-chelsea-new-york-united-states,West Chelsea/Hudson Yards,4.5
New York,542,10011,West 22nd Street,Immerse yourself in the captivating world of art as you explore marvellous the pieces that this gallery has to offer,POINT (-74.0066657 40.7477523),40.7477523,246,-74.0066657,Hauser & Wirth,Tu-Sa 10:00-18:00,gallery,https://www.hauserwirth.com/locations/10073-hauser-wirth-new-york-22nd-street/,West Chelsea/Hudson Yards,4.5
New York,534,10011,West 22nd Street,Immerse yourself in the captivating world of art as you explore marvellous the pieces that this gallery has to offer,POINT (-74.0063743 40.7476243),40.7476243,246,-74.0063743,Harper's Chelsea,Tu-Sa 10:00-18:00,gallery,https://www.harpersgallery.com,West Chelsea/Hudson Yards,4.5
New York,530,10011,West 22nd Street,Immerse yourself in the captivating world of art as you explore marvellous the pieces that this gallery has to offer,POINT (-74.0060323 40.7474851),40.7474851,246,-74.0060323,Sikkema Jenkins & Co.,Tu-Sa 10:00-18:00,gallery,https://www.sikkemajenkinsco.com,West Chelsea/Hudson Yards,4.5
New York,512,10011,West 22nd Street,Immerse yourself in the captivating world of art as you explore marvellous the pieces that this gallery has to offer,POINT (-74.0054315 40.7472321),40.7472321,246,-74.0054315,Harper's Chelsea,Tu-Sa 10:00-18:00,gallery,https://www.harpersgallery.com,West Chelsea/Hudson Yards,4.5
New York,511,10011,West 21st Street,Immerse yourself in the captivating world of art as you explore marvellous the pieces that this gallery has to offer,POINT (-74.0057122 40.7467918),40.7467918,246,-74.0057122,Nara Roesler Gallery,Tu-Sa 10:00-18:00,gallery,https://nararoesler.art,West Chelsea/Hudson Yards,4.5
New York,525,10011,West 21st Street,Immerse yourself in the captivating world of art as you explore marvellous the pieces that this gallery has to offer,POINT (-74.0063448 40.7470553),40.7470553,246,-74.0063448,Tina Kim Gallery,Tu-Sa 10:00-18:00,gallery,https://www.tinakimgallery.com,West Chelsea/Hudson Yards,4.5
New York,521,10011,West 21st Street,Immerse yourself in the captivating world of art as you explore marvellous the pieces that this gallery has to offer,POINT (-74.006111 40.7469617),40.7469617,246,-74.006111,Kravets Wehby Gallery,Tu-Sa 11:00-18:00,gallery,https://www.kravetswehbygallery.com,West Chelsea/Hudson Yards,4.5
New York,521,10011,West 21st Street,Immerse yourself in the captivating world of art as you explore marvellous the pieces that this gallery has to offer,POINT (-74.0062914 40.7470364),40.7470364,246,-74.0062914,Tanya Bonakdar Gallery,Tu-Sa 10:00-18:00,gallery,https://www.tanyabonakdargallery.com,West Chelsea/Hudson Yards,4.5
New York,547,10011,West 20th Street,Immerse yourself in the captivating world of art as you explore marvellous the pieces that this gallery has to offer,POINT (-74.0076175 40.746867),40.746867,246,-74.0076175,Hales Gallery,Tu-Sa 10:00-18:00,gallery,https://halesgallery.com,West Chelsea/Hudson Yards,4.5
New York,534,10011,West 21st Street,Immerse yourself in the captivating world of art as you explore marvellous the pieces that this gallery has to offer,POINT (-74.0068341 40.7470049),40.7470049,246,-74.0068341,Paula Cooper Gallery,Tu-Sa 10:00-18:00,gallery,https://www.paulacoopergallery.com,West Chelsea/Hudson Yards,4.5
New York,530,10011,West 21st Street,Immerse yourself in the captivating world of art as you explore marvellous the pieces that this gallery has to offer,POINT (-74.0066777 40.7469471),40.7469471,246,-74.0066777,Gladstone Gallery,Tu-Sa 10:00-18:00,gallery,https://www.gladstonegallery.com,West Chelsea/Hudson Yards,4.5
New York,522,10011,West 21st Street,Immerse yourself in the captivating world of art as you explore marvellous the pieces that this gallery has to offer,POINT (-74.0063973 40.7468093),40.7468093,246,-74.0063973,Gagosian,Tu-Sa 10:00-18:00,gallery,https://gagosian.com,West Chelsea/Hudson Yards,4.5
New York,179,10011,10th Avenue,Immerse yourself in the captivating world of art as you explore marvellous the pieces that this gallery has to offer,POINT (-74.0054234 40.7462737),40.7462737,246,-74.0054234,Galleria Ca' d'Oro,Mo-Fr 10:00-18:00; Sa 11:00-18:00; Su 12:00-17:00,gallery,https://www.galleriacadoro.com,West Chelsea/Hudson Yards,4.5
New York,501,10011,West 20th Street,Immerse yourself in the captivating world of art as you explore marvellous the pieces that this gallery has to offer,POINT (-74.0057581 40.7460607),40.7460607,246,-74.0057581,Praxis Gallery,Tu-Sa 9:00-17:00,gallery,https://www.praxis-art.com,West Chelsea/Hudson Yards,4.5
New York,513,10011,West 20th Street,Immerse yourself in the captivating world of art as you explore marvellous the pieces that this gallery has to offer,POINT (-74.0062412 40.7462478),40.7462478,246,-74.0062412,Jack Shainman Gallery,Tu-Sa 10:00-18:00,gallery,https://jackshainman.com,West Chelsea/Hudson Yards,4.5
New York,515,10011,West 20th Street,Immerse yourself in the captivating world of art as you explore marvellous the pieces that this gallery has to offer,POINT (-74.006296 40.7462709),40.7462709,246,-74.006296,Sean Horton Gallery,We-Sa 12:00-18:00,gallery,https://www.seanhortonpresents.com,West Chelsea/Hudson Yards,4.5
New York,529,10011,West 20th Street,Immerse yourself in the captivating world of art as you explore marvellous the pieces that this gallery has to offer,POINT (-74.0068656 40.7465171),40.7465171,246,-74.0068656,Ricco/Maresca Gallery,Tu-Fr 10:30-18:00; Sa 11:00-18:00,gallery,https://www.riccomaresca.com,West Chelsea/Hudson Yards,4.5
New York,529,10011,West 20th Street,Immerse yourself in the captivating world of art as you explore marvellous the pieces that this gallery has to offer,POINT (-74.0068303 40.7465678),40.7465678,246,-74.0068303,Kathryn Markel Fine Arts,Tu-Fr 10:00-18:00; Sa 11:00-18:00,gallery,https://www.markelfinearts.com,West Chelsea/Hudson Yards,4.5
New York,529,10011,West 20th Street,Immerse yourself in the captivating world of art as you explore marvellous the pieces that this gallery has to offer,POINT (-74.0068108 40.7465936),40.7465936,246,-74.0068108,Elizabeth Harris Gallery,Tu-Sa 12:00-18:00,gallery,https://www.ehgallery.com,West Chelsea/Hudson Yards,4.5
New York,520,10011,West 20th Street,Immerse yourself in the captivating world of art as you explore marvellous the pieces that this gallery has to offer,POINT (-74.0067977 40.7462173),40.7462173,246,-74.0067977,David Kordansky Gallery,Tu-Sa 10:00-18:00,gallery,https://www.davidkordanskygallery.com,West Chelsea/Hudson Yards,4.5
New York,522,10011,West 19th Street,Immerse yourself in the captivating world of art as you explore marvellous the pieces that this gallery has to offer,POINT (-74.0070663 40.7455769),40.7455769,246,-74.0070663,Slag Gallery,Tu-Fr 10:00-13:00; Tu-Fr 14:00-18:00; Sa 10:00-18:00,gallery,https://www.slaggallery.com,West Chelsea/Hudson Yards,4.5
New York,100,10011,11th Avenue,Immerse yourself in the captivating world of art as you explore marvellous the pieces that this gallery has to offer,POINT (-74.0077206 40.7461924),40.7461924,246,-74.0077206,Michael Rosenfield Art,Tu-Sa 10:00-18:00,gallery,https://michaelrosenfeldart.com,West Chelsea/Hudson Yards,4.5
New York,178,10014,7th Avenue Street,,POINT (-74.00156313791592 40.736481864977456),40.73648186,249,-74.00156314,Village Vanguard,Mo-Su 07:00-00:00,entertainment ,http://www.villagevanguard.com/,West Village,4.5
New York,Carl Schurz Park,10026,"East 86th Street &, East End Avenue",Searching for tranquility within the concrete jungle that is Manhattan? Look no further! This park provides a scenic sancturary away from the busy streets of New York City. Settle in and connect with Monther Nature,POINT (-73.9436897424881 40.775346777775155),40.77534678,262,-73.94368974,Carl Schurz Park,Mo-Su 06:00-00:00,park,http://www.carlschurzparknyc.org/,Yorkville East,4.5
New York,1568,10028,2nd Avenue,,POINT (-73.95371706984969 40.774916521484364),40.77491652,263,-73.95371707,Comic Strip Live,Mo-Su 13:00-01:00,entertainment ,https://comicstriplive.com/,Yorkville West,4.5
New York,Strivers?? Row,10030,W 138th and W 139th Street,"Whether its the Empire State Building or The Color Factory, Manhattan is filled with fun and interesting places to explore!",POINT (-73.94375483045005 40.81790082524946),40.81790083,42,-73.94375483,Striver??s Row,Mo-Su 24 hours,attraction,https://www.striversrownyc.org/,Central Harlem North,4.5
New York,,10039,"Macombs Place. &, W 153 Street", Seaching for tranquility withing the concrete jungle that is Manhattan? Look no further! This park provides a scenic sanctuary away from the busy streets of New York City. Settle in and connect with Mother Nature,POINT (-73.93578819357172 40.82732550999252),40.82732551,42,-73.93578819,"Brigadier General Charles Young Triangle
",See website,park,https://www.nycgovparks.org/parks/colonel-charles-young-triangle,Central Harlem North,4.5
New York,315,10036,W 44th Street #5402,,POINT (-73.98941010421468 40.75945518109602),40.75945518,48,-73.9894101,Birdland Jazz Club,Tu-We 16:30-00:00; Th 17:30-00:00; Fr- Sa 16:30-00:30; Su-Mo 16:30-00:00,entertainment ,https://www.birdlandjazz.com/,Clinton East,4.5
New York,407,10036,407 W 43rd Street," This theatre offers a variety of creative and captivating performances, from contempporary musicals to timeless plays. A show at this theatre will be nothing short of spectacular!",POINT (-73.99254355834765 40.75975882188962),40.75975882,48,-73.99254356,Westside Theatre,"Depends on show time, see website",theatre,http://www.westsidetheatre.com/,Clinton East,4.5
New York,480,10036,480 W 42nd Street," This theatre offers a variety of creative and captivating performances, from contempporary musicals to timeless plays. A show at this theatre will be nothing short of spectacular!",POINT ( -73.9949575462705 40.75935249078612),40.75935249,48,-73.99495755,"Signature Theatre Company
","Depends on show time, see website",theatre,http://www.signaturetheatre.org/,Clinton East,4.5
New York,6316,10027,Mt Morris Park West, Seaching for tranquility withing the concrete jungle that is Manhattan? Look no further! This park provides a scenic sanctuary away from the busy streets of New York City. Settle in and connect with Mother Nature,POINT (-73.9437459325344 40.8053658244098),40.80536582,74,-73.94374593,Marcus Garvey Park,Mo-Su 06:00- 22:00,park,http://www.nycgovparks.org/parks/marcus-garvey-park,East Harlem North,4.5
New York,276,10009,276 Avenue C,"Whether its the Empire State Building or The Color Factory, Manhattan is filled with fun and interesting places to explore!",POINT (-73.97343882994497 40.72979638993119),40.72979639,224,-73.97343883,Con Edison Field,Mo-Su 24 hours,attraction,,Stuy Town/Peter Cooper Village,4.5
New York,24-20,10010,Fdr Drive Service Road East, Seaching for tranquility withing the concrete jungle that is Manhattan? Look no further! This park provides a scenic sanctuary away from the busy streets of New York City. Settle in and connect with Mother Nature,POINT (-73.97446837122735 40.73493148428942),40.73493148,224,-73.97446837,Stuyvesant Cove Park,Mo-Su 07:00-22:00,park,http://solar1.org/,Stuy Town/Peter Cooper Village,4.5
New York,399-321,10017,E 42nd Street,"Whether its the Empire State Building or The Color Factory, Manhattan is filled with fun and interesting places to explore!",POINT (-73.97052893167381 40.749288644038906),40.74928864,233,-73.97052893,Tudor City Bridge,Mo-Su 24 hours,attraction,,UN/Turtle Bay South,4.5
New York,United Nations Secretariat Building 405,10017,E 42nd Street,"Whether its the Empire State Building or The Color Factory, Manhattan is filled with fun and interesting places to explore!",POINT (-73.9675677730971 40.75055658081126),40.75055658,233,-73.96756777,United Nations Visitor Centre,Mo-Fr 09:00-17:00,attraction,http://un.org/visit,UN/Turtle Bay South,4.5
New York,,10017,E 47th Street, Seaching for tranquility withing the concrete jungle that is Manhattan? Look no further! This park provides a scenic sanctuary away from the busy streets of New York City. Settle in and connect with Mother Nature,POINT (-73.96852263940812 40.75248282310445),40.75248282,233,-73.96852264,Dag Hammarskj??ld Plaza,Mo-Su 06:00- 01:00,park,http://hammarskjoldplaza.org/,UN/Turtle Bay South,4.5
New York,1245,10065,1st Avenue, Seaching for tranquility withing the concrete jungle that is Manhattan? Look no further! This park provides a scenic sanctuary away from the busy streets of New York City. Settle in and connect with Mother Nature,POINT (-73.9585463829499 40.76600550496915),40.7660055,141,-73.95854638,St. Catherine's Park,Mo-Su 07-18:00,park,https://www.nycgovparks.org/parks/st-catherines-park/,Lenox Hill West,4.5
